feed_name,id,body,reason,iscomment,description,timestring,timestamp,reporting_user,reported_user
BALT,333744575,0HEF09,Z7D75I,f,FLVUUQ,2016-12-09 00:42:28,1481262148.51962,darekj,paulc
BALT,367426221,HIFVK2,8CZUHB,f,YXYGP9,2016-12-09 00:42:28,1481262148.73244,darekj,gabbys
BALT,170016780,NAG2J7,ML1SBZ,f,6CSNSF,2016-12-09 00:42:28,1481262148.87819,darekj,luisv
BALT,322564554,E557FL,CFOVZ1,f,YMB03D,2016-12-09 00:42:29,1481262149.05058,darekj,darekj
BALT,872335228,O8C5TG,4Q1M66,f,Q30E3A,2016-12-09 00:42:29,1481262149.21202,darekj,briank
BALT,688309860,I6WL34,M5V28E,t,17A6UP,2016-12-09 00:42:29,1481262149.34739,darekj,briank
BALT,688309861,6FVGT6,DKF2PD,t,B5IUIB,2016-12-09 00:42:29,1481262149.48335,darekj,mashis
BALT,688309863,RF0R9G,IM29UN,t,R67C7J,2016-12-09 00:42:29,1481262149.63722,darekj,mashis
BALT,523739434,WPUR5B,XXGI1N,t,OBYG00,2016-12-09 00:42:29,1481262149.7886,darekj,briank
BALT,447375395,ALEROL,N7NJES,t,EE9FEN,2016-12-09 00:42:29,1481262149.91244,darekj,elic
BALT,447375396,9FR1YN,J7ERP1,t,70GZ0R,2016-12-09 00:42:30,1481262150.03274,darekj,mashis
BALT,244307521,LUI60R,T0QU8P,t,E4UKHU,2016-12-09 00:42:30,1481262150.15363,darekj,yuuyaw
BALT,244307522,M9LDUA,JBKZF3,t,W7NNQE,2016-12-09 00:42:30,1481262150.29649,darekj,yuuyaw
